long_result_val,long_result_valid,output_long,output_short,output_valid,short_result_val,short_result_valid,stream_val,stream_valid
0,false,0,0,false,0,false,0,false
0,false,0,0,false,0,false,0,true
0,true,0,0,false,0,true,0,true
0,true,0,0,true,0,true,-3,true
-1,true,0,0,true,-1,true,0,true
-7,true,-1,-1,true,-3,true,-2,true
-8,true,-7,-3,true,-4,true,-5,true
-8,true,-8,-4,true,-5,true,-6,true
-8,true,-8,-5,true,-8,true,0,true
-7,true,-8,-8,true,-6,true,8,true
-6,true,-7,-6,true,-4,true,32,true
-3,true,-6,-4,true,5,true,28,true
-4,true,-3,5,true,10,true,9,true
-6,true,-4,10,true,8,true,8,true
-6,true,-6,8,true,8,true,-14,true
-9,true,-6,8,true,2,true,-20,true
-17,true,-9,2,true,-5,true,0,true
-21,true,-17,-5,true,-6,true,15,true
-20,true,-21,-6,true,-3,true,19,true
-19,true,-20,-3,true,1,true,-43,true
-27,true,-19,1,true,-11,true,1,true
-28,true,-27,-11,true,-9,true,12,true
-27,true,-28,-9,true,-6,true,-24,true
-31,true,-27,-6,true,-12,true,20,true
-26,true,-31,-12,true,-4,true,-40,true
-33,true,-26,-4,true,-13,true,-54,true
-42,true,-33,-13,true,-26,true,5,true
-42,true,-42,-26,true,-20,true,-12,true
-44,true,-42,-20,true,-18,true,11,true
-41,true,-44,-18,true,-13,true,7,true
-42,true,-41,-13,true,-11,true,-4,true
-43,true,-42,-11,true,-10,true,-54,true
-49,true,-43,-10,true,-23,true,0,true
-49,true,-49,-23,true,-18,true,-62,true
-57,true,-49,-18,true,-31,true,-52,true
-63,true,-57,-31,true,-37,true,-114,true
-71,true,-63,-37,true,-59,true,22,true
-61,true,-71,-59,true,-40,true,-20,true
-59,true,-61,-40,true,-35,true,6,true
-56,true,-59,-35,true,-26,true,64,true
-41,true,-56,-26,true,-5,true,54,true
-36,true,-41,-5,true,7,true,93,true
-24,true,-36,7,true,26,true,127,true
-6,true,-24,26,true,49,true,73,true
2,true,-6,49,true,54,true,86,true
10,true,2,54,true,60,true,90,true
18,true,10,60,true,67,true,75,true
23,true,18,67,true,66,true,21,true
16,true,23,66,true,53,true,15,true
15,true,16,53,true,42,true,72,true
16,true,15,42,true,48,true,38,true
18,true,16,48,true,45,true,43,true
19,true,18,45,true,43,true,99,true
26,true,19,43,true,54,true,25,true
24,true,26,54,true,45,true,96,true
33,true,24,45,true,57,true,119,true
42,true,33,57,true,71,true,-7,true
34,true,42,71,true,49,true,-90,true
16,true,34,49,true,13,true,-145,true
-5,true,16,13,true,-28,true,-163,true
-28,true,-5,-28,true,-62,true,-142,true
-46,true,-28,-62,true,-84,true,-29,true
-46,true,-46,-84,true,-71,true,-36,true
-47,true,-46,-71,true,-63,true,41,true
-37,true,-47,-63,true,-38,true,0,true
-35,true,-37,-38,true,-30,true,-39,true
-40,true,-35,-30,true,-34,true,80,true
-25,true,-40,-34,true,-7,true,87,true
-18,true,-25,-7,true,15,true,73,true
-12,true,-18,15,true,27,true,60,true
-7,true,-12,27,true,33,true,86,true
3,true,-7,33,true,45,true,-13,true
-2,true,3,45,true,29,true,-25,true
-11,true,-2,29,true,14,true,-74,true
-24,true,-11,14,true,-10,true,4,true
-21,true,-24,-10,true,-8,true,46,true
-16,true,-21,-8,true,5,true,-124,true
-30,true,-16,5,true,-28,true,-161,true
-49,true,-30,-28,true,-62,true,-98,true
-62,true,-49,-62,true,-73,true,-57,true
-64,true,-62,-73,true,-72,true,-24,true
-59,true,-64,-72,true,-60,true,-177,true
-79,true,-59,-60,true,-90,true,-153,true
-90,true,-79,-90,true,-108,true,-47,true
-90,true,-90,-108,true,-93,true,9,true
-83,true,-90,-93,true,-70,true,181,true
-55,true,-83,-70,true,-9,true,4,true
-49,true,-55,-9,true,-8,true,85,true
-39,true,-49,-8,true,15,true,59,true
-28,true,-39,15,true,23,true,-88,true
-39,true,-28,23,true,-7,true,-159,true
-55,true,-39,-7,true,-46,true,-34,true
-54,true,-55,-46,true,-45,true,-69,true
-58,true,-54,-45,true,-54,true,117,true
-42,true,-58,-54,true,-13,true,-120,true
-57,true,-42,-13,true,-42,true,19,true
-54,true,-57,-42,true,-29,true,-84,true
-60,true,-54,-29,true,-45,true,-139,true
-74,true,-60,-45,true,-71,true,-206,true
-96,true,-74,-71,true,-106,true,-331,true
-126,true,-96,-106,true,-164,true,-111,true
-126,true,-126,-164,true,-151,true,-290,true
-149,true,-126,-151,true,-187,true,27,true
-130,true,-149,-187,true,-135,true,-84,true
-130,true,-130,-135,true,-123,true,-100,true
-132,true,-130,-123,true,-118,true,-380,true
-167,true,-132,-118,true,-185,true,75,true
-138,true,-167,-185,true,-123,true,-77,true
-136,true,-138,-123,true,-113,true,-141,true
-137,true,-136,-113,true,-123,true,-321,true
-167,true,-137,-123,true,-174,true,-134,true
-164,true,-167,-174,true,-166,true,-152,true
-166,true,-164,-166,true,-164,true,-75,true
-157,true,-166,-164,true,-142,true,-475,true
-200,true,-157,-142,true,-227,true,-470,true
-234,true,-200,-227,true,-289,true,-485,true
-271,true,-234,-289,true,-341,true,-228,true
-267,true,-271,-341,true,-315,true,-209,true
-265,true,-267,-315,true,-290,true,-12,true
-240,true,-265,-290,true,-222,true,-134,true
-227,true,-240,-222,true,-202,true,-13,true
-205,true,-227,-202,true,-157,true,126,true
-167,true,-205,-157,true,-89,true,4,true
-147,true,-167,-89,true,-68,true,55,true
-127,true,-147,-68,true,-38,true,-56,true
-119,true,-127,-38,true,-44,true,-204,true
-131,true,-119,-44,true,-84,true,26,true
-116,true,-131,-84,true,-57,true,35,true
-101,true,-116,-57,true,-37,true,0,true
-91,true,-101,-37,true,-30,true,38,true
-80,true,-91,-30,true,-15,true,14,true
-69,true,-80,-15,true,-9,true,184,true
-40,true,-69,-9,true,37,true,164,true
-15,true,-40,37,true,68,true,127,true
1,true,-15,68,true,82,true,84,true
10,true,1,82,true,81,true,-98,true
-6,true,10,81,true,35,true,-53,true
-14,true,-6,35,true,10,true,11,true
-13,true,-14,10,true,8,true,-84,true
-25,true,-13,8,true,-15,true,-74,true
-38,true,-25,-15,true,-31,true,-293,true
-72,true,-38,-31,true,-98,true,-224,true
-91,true,-72,-98,true,-131,true,-7,true
-85,true,-91,-131,true,-101,true,107,true
-64,true,-85,-101,true,-52,true,56,true
-49,true,-64,-52,true,-25,true,41,true
-44,true,-49,-25,true,-11,true,147,true
-24,true,-44,-11,true,27,true,155,true
-2,true,-24,27,true,56,true,116,true
7,true,-2,56,true,71,true,223,true
27,true,7,71,true,106,true,350,true
64,true,27,106,true,165,true,335,true
97,true,64,165,true,206,true,399,true
133,true,97,206,true,252,true,456,true
169,true,133,252,true,303,true,476,true
206,true,169,303,true,344,true,494,true
236,true,206,344,true,381,true,295,true
239,true,236,381,true,358,true,-153,true
183,true,239,358,true,228,true,-26,true
150,true,183,228,true,164,true,273,true
160,true,150,164,true,191,true,136,true
157,true,160,191,true,175,true,293,true
169,true,157,175,true,202,true,235,true
176,true,169,202,true,208,true,-65,true
145,true,176,208,true,139,true,233,true
155,true,145,139,true,160,true,256,true
165,true,155,160,true,184,true,24,true
143,true,165,184,true,144,true,208,true
145,true,143,144,true,160,true,112,true
140,true,145,160,true,148,true,247,true
149,true,140,148,true,172,true,-173,true
104,true,149,172,true,85,true,-169,true
69,true,104,85,true,20,true,-138,true
38,true,69,20,true,-20,true,301,true
65,true,38,-20,true,60,true,250,true
87,true,65,60,true,107,true,-598,true
-5,true,87,107,true,-72,true,-37,true
-12,true,-5,-72,true,-64,true,-142,true
-32,true,-12,-64,true,-84,true,-381,true
-76,true,-32,-84,true,-159,true,96,true
-58,true,-76,-159,true,-96,true,110,true
-43,true,-58,-96,true,-45,true,287,true
-7,true,-43,-45,true,35,true,157,true
12,true,-7,35,true,63,true,451,true
63,true,12,63,true,157,true,130,true
65,true,63,157,true,149,true,193,true
80,true,65,149,true,159,true,145,true
88,true,80,159,true,153,true,12,true
78,true,88,153,true,117,true,144,true
81,true,78,117,true,123,true,664,true
153,true,81,123,true,256,true,-18,true
130,true,153,256,true,187,true,-214,true
85,true,130,187,true,84,true,0,true
70,true,85,84,true,63,true,-538,true
-12,true,70,63,true,-90,true,-815,true
-116,true,-12,-90,true,-273,true,-307,true
-144,true,-116,-273,true,-284,true,-289,true
-163,true,-144,-284,true,-286,true,-423,true
-200,true,-163,-286,true,-322,true,52,true
-169,true,-200,-322,true,-230,true,318,true
-115,true,-169,-230,true,-95,true,210,true
-79,true,-115,-95,true,-20,true,164,true
-50,true,-79,-20,true,26,true,646,true
31,true,-50,26,true,179,true,-13,true
19,true,31,179,true,128,true,128,true
30,true,19,128,true,128,true,-217,true
-7,true,30,128,true,41,true,14,true
-6,true,-7,41,true,33,true,94,true
4,true,-6,33,true,47,true,462,true
57,true,4,47,true,148,true,-384,true
1,true,57,148,true,15,true,286,true
35,true,1,15,true,80,true,-262,true
-5,true,35,80,true,-6,true,252,true
24,true,-5,-6,true,57,true,-3,true
20,true,24,57,true,41,true,462,true
71,true,20,41,true,145,true,-244,true
25,true,71,145,true,47,true,202,true
46,true,25,47,true,83,true,-76,true
25,true,46,83,true,41,true,-207,true
-5,true,25,41,true,-22,true,-26,true
-11,true,-5,-22,true,-25,true,133,true
2,true,-11,-25,true,12,true,-206,true
-26,true,2,12,true,-43,true,-444,true
-84,true,-26,-43,true,-144,true,41,true
-72,true,-84,-144,true,-98,true,0,true
-63,true,-72,-98,true,-75,true,260,true
-24,true,-63,-75,true,8,true,25,true
-18,true,-24,8,true,12,true,-709,true
-110,true,-18,12,true,-169,true,-288,true
-134,true,-110,-169,true,-201,true,-382,true
-167,true,-134,-201,true,-249,true,-585,true
-221,true,-167,-249,true,-336,true,-630,true
-275,true,-221,-336,true,-410,true,-343,true
-288,true,-275,-410,true,-395,true,525,true
-187,true,-288,-395,true,-166,true,319,true
-129,true,-187,-166,true,-47,true,240,true
-89,true,-129,-47,true,24,true,329,true
-43,true,-89,24,true,100,true,-201,true
-68,true,-43,100,true,24,true,517,true
1,true,-68,24,true,147,true,309,true
38,true,1,147,true,185,true,0,true
28,true,38,185,true,138,true,9,true
22,true,28,138,true,104,true,239,true
43,true,22,104,true,137,true,-152,true
16,true,43,137,true,64,true,-195,true
-11,true,16,64,true,-1,true,-251,true
-46,true,-11,-1,true,-66,true,-71,true
-51,true,-46,-66,true,-69,true,-100,true
-62,true,-51,-69,true,-79,true,0,true
-56,true,-62,-79,true,-60,true,558,true
20,true,-56,-60,true,94,true,44,true
19,true,20,94,true,80,true,226,true
42,true,19,80,true,116,true,0,true
35,true,42,116,true,87,true,-423,true
-25,true,35,87,true,-43,true,0,true
